Book Id,Title,Author,Author l-f,Additional Authors,ISBN,ISBN13,My Rating,Publisher,Binding,Number of Pages,Year Published,Original Publication Year,Date Read,Date Added,Bookshelves,Bookshelves with positions,Exclusive Shelf,My Review,Spoiler,Private Notes,Read Count,Owned Copies
25397764,Redshirts,John Scalzi,"Scalzi, John",Miguel Antón,"=""8445001906""","=""9788445001905""",0,Minotauro,Kindle Edition,348,2014,2012,,2026/09/14,did-not-finish,did-not-finish (#1),did-not-finish,,,,1,0
5667852,"Al sur de la frontera, al oeste del Sol",Haruki Murakami,"Murakami, Haruki",Lourdes Porta Fuentes,"=""8483835037""","=""9788483835036""",0,Maxi-Tusquets,Paperback,270,2007,1992,,2026/09/27,currently-reading,currently-reading (#2),currently-reading,,,,1,0
25812529,Al este del Edén,John Steinbeck,"Steinbeck, John",Vicente de Artadi,"=""8490661448""","=""9788490661444""",0,Austral,Paperback,688,2015,1952,,2026/09/20,currently-reading,currently-reading (#1),currently-reading,,,,1,0
24524273,Noches blancas y otros relatos,Fyodor Dostoevsky,"Dostoevsky, Fyodor",Juan López-Morillas,"=""8420665665""","=""9788420665665""",4.0,Alianza Editorial,Mass Market Paperback,223,2012,1848,2026/09/20,2026/08/26,,,read,,,,1,0
250162259,1984,George Orwell,"Orwell, George",,"=""""","=""9791387788452""",5.0,Newton Compton Editores,Hardcover,320,2026,1949,2026/09/13,2026/08/31,,,read,,,,1,0
51886361,"La quinta víctima (4MK Thriller, #2)",J.D. Barker,"Barker, J.D.",Julio Hermoso Oliveras,"=""8423357589""","=""9788423357581""",4.0,Booket,Paperback,608,2020,2018,2026/09/07,2026/09/04,,,read,,,,1,0
9851241,Otra vuelta de tuerca,Henry James,"James, Henry",Domingo Santos,"=""848130218X""","=""9788481302189""",4.0,Bibliotex,Hardcover,119,1999,1898,2026/09/02,2026/09/01,,,read,,,,1,0
49881246,"El cuarto mono (El cuarto mono, #1)",J.D. Barker,"Barker, J.D.",,"=""8423355659""","=""9788423355655""",4.0,Booket,Paperback,560,2019,2017,2026/08/31,2026/08/29,,,read,,,,1,0
13613885,La metamorfosis,Franz Kafka,"Kafka, Franz",,"=""8420651362""","=""9788420651361""",5.0,Alianza Editorial,Paperback,125,2012,1915,2026/08/30,2026/08/30,,,read,,,,1,0
11963383,"Por una causa justa (Estalingrado, #1)",Vasily Grossman,"Grossman, Vasily",Andréi Kozinets,"=""8481099112""","=""9788481099119""",4.0,Galaxia Gutenberg,Hardcover,1100,2011,1952,2026/08/29,2026/08/21,,,read,,,,1,0
61436949,La carretera,Cormac McCarthy,"McCarthy, Cormac",,"=""8439741006""","=""9788439741008""",5.0,Literatura Random House,Paperback,216,2022,2006,2026/08/27,2026/08/26,,,read,,,,1,0
15839542,El honor perdido de Katharina Blum,Heinrich Böll,"Böll, Heinrich",Helene Katendhal,"=""8481301647""","=""9788481301649""",3.0,Colección Millenium (El Mundo),Hardcover,120,1999,1974,2026/08/26,2026/08/25,,,read,,,,1,0
58557648,La luna se ha puesto,John Steinbeck,"Steinbeck, John",,"=""8435021874""","=""9788435021876""",4.0,"Editora y Distribuidora Hispano Americana, S.A.",Pocket Book,160,2019,1942,2026/08/24,2026/08/24,,,read,,,,1,0
40778953,El extraño caso del Dr. Jekill y Mr. Hyde,Robert Louis Stevenson,"Stevenson, Robert Louis",,"=""9871784074""","=""9789871784073""",4.0,SALIM,Paperback,0,2010,1886,2026/08/20,2026/08/21,,,read,,,,1,0
202413,La perla,John Steinbeck,"Steinbeck, John",David Shannon,"=""8431634790""","=""9788431634797""",5.0,Editorial Vicens Vives,Paperback,160,2013,1947,2026/08/17,2026/08/21,,,read,,,,1,0
245780860,Maite,Fernando Aramburu,"Aramburu, Fernando",,"=""8411077489""","=""9788411077484""",3.0,Tusquets Editores S.A.,Paperback,344,2026,,2026/08/08,2026/08/21,,,read,,,,1,0
10175284,El Día D: La batalla de Normandía,Antony Beevor,"Beevor, Antony",,"=""8498920205""","=""9788498920208""",5.0,Editorial Crítica,Paperback,784,2009,2009,2026/08/06,2026/08/21,,,read,,,,1,0
